파일명,명사목록
ul03_0203016_r02 (10).xlsx - Sheet1.csv,개념 이해 능력 활용 학습 공학 공학 도구 강의 방법 방법
ul03_0203016_r02 (6).xlsx - Sheet1.csv,프로그래밍 구현 응용 프로그래밍 구현 구현 개념
ul03_0203016_r02 (5).xlsx - Sheet1.csv,프로그래밍 프로그래밍 프로그래밍 클래스 메소드 프로그래밍 방법 프로그래밍 클래스 상속 프로그래밍 개발 도구 실습 프로그래밍 실습 실습 방법 이해 프로그래밍 기초 프로그래밍 개념 이해 클래스 클래스 방법 이해 클래스 클래스 방법 이해 방법 이해 개념 구조 이해 방식 이해 개념 이해 객체 방식 이해 객체 방식 이해 상속 개념 이해 상속 개념 이해 개념 이해 이해 인터페이스 프로그래밍 기초 이해 인터페이스 구조 이해
ul03_0203016_r02 (8).xlsx - Sheet1.csv,적용 프로그래밍 객체 클래스 상속 예외 프로그래밍 해결 프로그래밍 데이터베이스 프로그래밍 응용 프로그래밍 종류 이해 클래스 객체 메소드 클래스 상속 상속 메소드 상속 상속 메소드 메소드 상속 호출 인터페이스 활용 형변환 호출 호출 형변환 형변환 인터페이스 인터페이스 객체 강의 활용 활용 개념 실습 활용 활용 방법 예외 클래스 예외 예외 예외 클래스 실습 클래스 클래스 프로그래밍 이해 특성 스트림 데이터 스트림 스트림 활용 클래스 데이터베이스 강의 활용 활용 강의 활용
ul03_0203016_r02 (13).xlsx - Sheet1.csv,기술
ul03_0203016_r02 (3).xlsx - Sheet1.csv,개발 구성 기술 기술 구현 구현 구현 구현 구현 구현 구현
ul03_0203016_r02 (14).xlsx - Sheet1.csv,기초 데이터베이스 활용 해결 이해 구성 모델 개념 데이터베이스 기초 이해 데이터베이스 언어 활용 능력 데이터베이스 활용 능력 능력 데이터베이스 개념 데이터베이스 데이터베이스 데이터 데이터 모델 데이터 데이터베이스 언어 데이터베이스 데이터베이스 응용 기술
ul03_0203016_r02 (4).xlsx - Sheet1.csv,기초 데이터베이스 활용 해결 이해 구성 모델 개념 데이터베이스 기초 이해 데이터베이스 언어 활용 능력 데이터베이스 활용 능력 데이터베이스 활용 능력 능력 구조 기초 실습 데이터베이스 기초 실습 도구 응용 실습 데이터베이스 개념 도구 데이터베이스 데이터베이스 도구 데이터베이스 기초 도구 도구 데이터베이스 데이터베이스 데이터베이스 개념 특성 인터페이스 특성 실습 빅데이터 활용 빅데이터 기술
ul03_0203016_r02 (9).xlsx - Sheet1.csv,구조 기술 구조 이해 응용 기술 기술
ul03_0203016_r02 (12).xlsx - Sheet1.csv,개념 종류
ul03_0203016_r02 (11).xlsx - Sheet1.csv,프로그래밍 이론 프로그래밍 프로그래밍 실습 개념 이론 실습 호출 활용
ul03_0203016_r02 (7).xlsx - Sheet1.csv,데이터 방식 방식 인터페이스 특성 데이터 개념 구성 모델 특성 과정 방식 방식 방식 인터페이스 특성 기술 종류
